Domain Code,Domain,Area Code (FAO),Area,Element Code,Element,Item Code,Item,Year Code,Year,Source Code,Source,Unit,Value,Flag,Flag Description,Note
"GT","Emissions Totals","2","Afghanistan","7225","Emissions (CH4)","5059","Manure Management","1961","1961","3050","FAO TIER 1","kilotonnes","11.6228","Fc","Calculated data",""
"GT","Emissions Totals","2","Afghanistan","7225","Emissions (CH4)","5059","Manure Management","1965","1965","3050","FAO TIER 1","kilotonnes","13.3059","Fc","Calculated data",""
"GT","Emissions Totals","2","Afghanistan","7225","Emissions (CH4)","5059","Manure Management","1971","1971","3050","FAO TIER 1","kilotonnes","14.5684","Fc","Calculated data",""
"GT","Emissions Totals","2","Afghanistan","7225","Emissions (CH4)","5059","Manure Management","1975","1975","3050","FAO TIER 1","kilotonnes","14.5079","Fc","Calculated data",""
"GT","Emissions Totals","2","Afghanistan","7225","Emissions (CH4)","5059","Manure Management","1981","1981","3050","FAO TIER 1","kilotonnes","14.7527","Fc","Calculated data",""
"GT","Emissions Totals","2","Afghanistan","7225","Emissions (CH4)","5059","Manure Management","1985","1985","3050","FAO TIER 1","kilotonnes","10.6732","Fc","Calculated data",""
"GT","Emissions Totals","2","Afghanistan","7225","Emissions (CH4)","5059","Manure Management","1991","1991","3050","FAO TIER 1","kilotonnes","9.3445","Fc","Calculated data",""
"GT","Emissions Totals","2","Afghanistan","7225","Emissions (CH4)","5059","Manure Management","1995","1995","3050","FAO TIER 1","kilotonnes","11.4072","Fc","Calculated data",""
"GT","Emissions Totals","2","Afghanistan","7225","Emissions (CH4)","5059","Manure Management","2001","2001","3050","FAO TIER 1","kilotonnes","12.1998","Fc","Calculated data",""
"GT","Emissions Totals","2","Afghanistan","7225","Emissions (CH4)","5059","Manure Management","2005","2005","3050","FAO TIER 1","kilotonnes","18.49","Fc","Calculated data",""
"GT","Emissions Totals","2","Afghanistan","7225","Emissions (CH4)","5059","Manure Management","2011","2011","3050","FAO TIER 1","kilotonnes","26.1599","Fc","Calculated data",""
"GT","Emissions Totals","2","Afghanistan","7225","Emissions (CH4)","5059","Manure Management","2015","2015","3050","FAO TIER 1","kilotonnes","24.8209","Fc","Calculated data",""
"GT","Emissions Totals","2","Afghanistan","7225","Emissions (CH4)","5059","Manure Management","2019","2019","3050","FAO TIER 1","kilotonnes","26.1252","Fc","Calculated data",""
"GT","Emissions Totals","2","Afghanistan","7234","Direct emissions (N2O)","5062","Manure applied to Soils","1961","1961","3050","FAO TIER 1","kilotonnes","0.8839","Fc","Calculated data",""
"GT","Emissions Totals","2","Afghanistan","7234","Direct emissions (N2O)","5062","Manure applied to Soils","1965","1965","3050","FAO TIER 1","kilotonnes","0.9683","Fc","Calculated data",""
"GT","Emissions Totals","2","Afghanistan","7234","Direct emissions (N2O)","5062","Manure applied to Soils","1971","1971","3050","FAO TIER 1","kilotonnes","1.0534","Fc","Calculated data",""
"GT","Emissions Totals","2","Afghanistan","7234","Direct emissions (N2O)","5062","Manure applied to Soils","1975","1975","3050","FAO TIER 1","kilotonnes","1.0221","Fc","Calculated data",""
"GT","Emissions Totals","2","Afghanistan","7234","Direct emissions (N2O)","5062","Manure applied to Soils","1981","1981","3050","FAO TIER 1","kilotonnes","0.9846","Fc","Calculated data",""
"GT","Emissions Totals","2","Afghanistan","7234","Direct emissions (N2O)","5062","Manure applied to Soils","1985","1985","3050","FAO TIER 1","kilotonnes","0.7187","Fc","Calculated data",""
"GT","Emissions Totals","2","Afghanistan","7234","Direct emissions (N2O)","5062","Manure applied to Soils","1991","1991","3050","FAO TIER 1","kilotonnes","0.7114","Fc","Calculated data",""
"GT","Emissions Totals","2","Afghanistan","7234","Direct emissions (N2O)","5062","Manure applied to Soils","1995","1995","3050","FAO TIER 1","kilotonnes","0.7289","Fc","Calculated data",""
"GT","Emissions Totals","2","Afghanistan","7234","Direct emissions (N2O)","5062","Manure applied to Soils","2001","2001","3050","FAO TIER 1","kilotonnes","0.7871","Fc","Calculated data",""
"GT","Emissions Totals","2","Afghanistan","7234","Direct emissions (N2O)","5062","Manure applied to Soils","2005","2005","3050","FAO TIER 1","kilotonnes","0.8989","Fc","Calculated data",""
"GT","Emissions Totals","2","Afghanistan","7234","Direct emissions (N2O)","5062","Manure applied to Soils","2011","2011","3050","FAO TIER 1","kilotonnes","1.1903","Fc","Calculated data",""
"GT","Emissions Totals","2","Afghanistan","7234","Direct emissions (N2O)","5062","Manure applied to Soils","2015","2015","3050","FAO TIER 1","kilotonnes","1.1229","Fc","Calculated data",""
"GT","Emissions Totals","2","Afghanistan","7234","Direct emissions (N2O)","5062","Manure applied to Soils","2019","2019","3050","FAO TIER 1","kilotonnes","1.0882","Fc","Calculated data",""
"GT","Emissions Totals","2","Afghanistan","7234","Direct emissions (N2O)","5064","Crop Residues","1961","1961","3050","FAO TIER 1","kilotonnes","0.8762","Fc","Calculated data",""
"GT","Emissions Totals","2","Afghanistan","7234","Direct emissions (N2O)","5064","Crop Residues","1965","1965","3050","FAO TIER 1","kilotonnes","0.8978","Fc","Calculated data",""
"GT","Emissions Totals","2","Afghanistan","7234","Direct emissions (N2O)","5064","Crop Residues","1971","1971","3050","FAO TIER 1","kilotonnes","0.8093","Fc","Calculated data",""
"GT","Emissions Totals","2","Afghanistan","7234","Direct emissions (N2O)","5064","Crop Residues","1975","1975","3050","FAO TIER 1","kilotonnes","1.0138","Fc","Calculated data",""
"GT","Emissions Totals","2","Afghanistan","7234","Direct emissions (N2O)","5064","Crop Residues","1981","1981","3050","FAO TIER 1","kilotonnes","0.8766","Fc","Calculated data",""
"GT","Emissions Totals","2","Afghanistan","7234","Direct emissions (N2O)","5064","Crop Residues","1985","1985","3050","FAO TIER 1","kilotonnes","0.7319","Fc","Calculated data",""
"GT","Emissions Totals","2","Afghanistan","7234","Direct emissions (N2O)","5064","Crop Residues","1991","1991","3050","FAO TIER 1","kilotonnes","0.6454","Fc","Calculated data",""
"GT","Emissions Totals","2","Afghanistan","7234","Direct emissions (N2O)","5064","Crop Residues","1995","1995","3050","FAO TIER 1","kilotonnes","0.7511","Fc","Calculated data",""
"GT","Emissions Totals","2","Afghanistan","7234","Direct emissions (N2O)","5064","Crop Residues","2001","2001","3050","FAO TIER 1","kilotonnes","0.5267","Fc","Calculated data",""
"GT","Emissions Totals","2","Afghanistan","7234","Direct emissions (N2O)","5064","Crop Residues","2005","2005","3050","FAO TIER 1","kilotonnes","1.1821","Fc","Calculated data",""
"GT","Emissions Totals","2","Afghanistan","7234","Direct emissions (N2O)","5064","Crop Residues","2011","2011","3050","FAO TIER 1","kilotonnes","1.0321","Fc","Calculated data",""
"GT","Emissions Totals","2","Afghanistan","7234","Direct emissions (N2O)","5064","Crop Residues","2015","2015","3050","FAO TIER 1","kilotonnes","1.2424","Fc","Calculated data",""
"GT","Emissions Totals","2","Afghanistan","7234","Direct emissions (N2O)","5064","Crop Residues","2019","2019","3050","FAO TIER 1","kilotonnes","1.2176","Fc","Calculated data",""
"GT","Emissions Totals","2","Afghanistan","7225","Emissions (CH4)","6994","On-farm energy use","1991","1991","3050","FAO TIER 1","kilotonnes","0.0562","Fc","Calculated data",""
"GT","Emissions Totals","2","Afghanistan","7273","Emissions (CO2)","6994","On-farm energy use","1991","1991","3050","FAO TIER 1","kilotonnes","223.9326","Fc","Calculated data",""
"GT","Emissions Totals","2","Afghanistan","7225","Emissions (CH4)","6994","On-farm energy use","1995","1995","3050","FAO TIER 1","kilotonnes","0.007","Fc","Calculated data",""
"GT","Emissions Totals","2","Afghanistan","7273","Emissions (CO2)","6994","On-farm energy use","1995","1995","3050","FAO TIER 1","kilotonnes","39.6372","Fc","Calculated data",""
"GT","Emissions Totals","2","Afghanistan","7225","Emissions (CH4)","6994","On-farm energy use","2001","2001","3050","FAO TIER 1","kilotonnes","0.0046","Fc","Calculated data",""
"GT","Emissions Totals","2","Afghanistan","7273","Emissions (CO2)","6994","On-farm energy use","2001","2001","3050","FAO TIER 1","kilotonnes","28.5361","Fc","Calculated data",""
"GT","Emissions Totals","2","Afghanistan","7225","Emissions (CH4)","6994","On-farm energy use","2005","2005","3050","FAO TIER 1","kilotonnes","0.0047","Fc","Calculated data",""
"GT","Emissions Totals","2","Afghanistan","7273","Emissions (CO2)","6994","On-farm energy use","2005","2005","3050","FAO TIER 1","kilotonnes","54.7141","Fc","Calculated data",""
"GT","Emissions Totals","2","Afghanistan","7225","Emissions (CH4)","6994","On-farm energy use","2011","2011","3050","FAO TIER 1","kilotonnes","0.4201","Fc","Calculated data",""
"GT","Emissions Totals","2","Afghanistan","7273","Emissions (CO2)","6994","On-farm energy use","2011","2011","3050","FAO TIER 1","kilotonnes","393.0081","Fc","Calculated data",""
"GT","Emissions Totals","2","Afghanistan","7225","Emissions (CH4)","6994","On-farm energy use","2015","2015","3050","FAO TIER 1","kilotonnes","0.1091","Fc","Calculated data",""
"GT","Emissions Totals","2","Afghanistan","7273","Emissions (CO2)","6994","On-farm energy use","2015","2015","3050","FAO TIER 1","kilotonnes","231.8452","Fc","Calculated data",""
"GT","Emissions Totals","2","Afghanistan","7225","Emissions (CH4)","6994","On-farm energy use","2019","2019","3050","FAO TIER 1","kilotonnes","0.0657","Fc","Calculated data",""
"GT","Emissions Totals","2","Afghanistan","7273","Emissions (CO2)","6994","On-farm energy use","2019","2019","3050","FAO TIER 1","kilotonnes","117.0798","Fc","Calculated data",""
"GT","Emissions Totals","16","Bangladesh","7225","Emissions (CH4)","5059","Manure Management","1961","1961","3050","FAO TIER 1","kilotonnes","51.365","Fc","Calculated data",""
"GT","Emissions Totals","16","Bangladesh","7225","Emissions (CH4)","5059","Manure Management","1965","1965","3050","FAO TIER 1","kilotonnes","58.1787","Fc","Calculated data",""
"GT","Emissions Totals","16","Bangladesh","7225","Emissions (CH4)","5059","Manure Management","1971","1971","3050","FAO TIER 1","kilotonnes","66.1317","Fc","Calculated data",""
"GT","Emissions Totals","16","Bangladesh","7225","Emissions (CH4)","5059","Manure Management","1975","1975","3050","FAO TIER 1","kilotonnes","65.309","Fc","Calculated data",""
"GT","Emissions Totals","16","Bangladesh","7225","Emissions (CH4)","5059","Manure Management","1981","1981","3050","FAO TIER 1","kilotonnes","60.9579","Fc","Calculated data",""
"GT","Emissions Totals","16","Bangladesh","7225","Emissions (CH4)","5059","Manure Management","1985","1985","3050","FAO TIER 1","kilotonnes","62.3224","Fc","Calculated data",""
"GT","Emissions Totals","16","Bangladesh","7225","Emissions (CH4)","5059","Manure Management","1991","1991","3050","FAO TIER 1","kilotonnes","68.3192","Fc","Calculated data",""
"GT","Emissions Totals","16","Bangladesh","7225","Emissions (CH4)","5059","Manure Management","1995","1995","3050","FAO TIER 1","kilotonnes","72.8861","Fc","Calculated data",""
"GT","Emissions Totals","16","Bangladesh","7225","Emissions (CH4)","5059","Manure Management","2001","2001","3050","FAO TIER 1","kilotonnes","71.2627","Fc","Calculated data",""
"GT","Emissions Totals","16","Bangladesh","7225","Emissions (CH4)","5059","Manure Management","2005","2005","3050","FAO TIER 1","kilotonnes","75.5325","Fc","Calculated data",""
"GT","Emissions Totals","16","Bangladesh","7225","Emissions (CH4)","5059","Manure Management","2011","2011","3050","FAO TIER 1","kilotonnes","81.7572","Fc","Calculated data",""
"GT","Emissions Totals","16","Bangladesh","7225","Emissions (CH4)","5059","Manure Management","2015","2015","3050","FAO TIER 1","kilotonnes","84.4499","Fc","Calculated data",""
"GT","Emissions Totals","16","Bangladesh","7225","Emissions (CH4)","5059","Manure Management","2019","2019","3050","FAO TIER 1","kilotonnes","87.3011","Fc","Calculated data",""
"GT","Emissions Totals","16","Bangladesh","7234","Direct emissions (N2O)","5062","Manure applied to Soils","1961","1961","3050","FAO TIER 1","kilotonnes","1.4842","Fc","Calculated data",""
"GT","Emissions Totals","16","Bangladesh","7234","Direct emissions (N2O)","5062","Manure applied to Soils","1965","1965","3050","FAO TIER 1","kilotonnes","1.7585","Fc","Calculated data",""
"GT","Emissions Totals","16","Bangladesh","7234","Direct emissions (N2O)","5062","Manure applied to Soils","1971","1971","3050","FAO TIER 1","kilotonnes","2.0558","Fc","Calculated data",""
"GT","Emissions Totals","16","Bangladesh","7234","Direct emissions (N2O)","5062","Manure applied to Soils","1975","1975","3050","FAO TIER 1","kilotonnes","2.0281","Fc","Calculated data",""
"GT","Emissions Totals","16","Bangladesh","7234","Direct emissions (N2O)","5062","Manure applied to Soils","1981","1981","3050","FAO TIER 1","kilotonnes","1.921","Fc","Calculated data",""
"GT","Emissions Totals","16","Bangladesh","7234","Direct emissions (N2O)","5062","Manure applied to Soils","1985","1985","3050","FAO TIER 1","kilotonnes","2.0472","Fc","Calculated data",""
"GT","Emissions Totals","16","Bangladesh","7234","Direct emissions (N2O)","5062","Manure applied to Soils","1991","1991","3050","FAO TIER 1","kilotonnes","2.3834","Fc","Calculated data",""
"GT","Emissions Totals","16","Bangladesh","7234","Direct emissions (N2O)","5062","Manure applied to Soils","1995","1995","3050","FAO TIER 1","kilotonnes","2.6784","Fc","Calculated data",""
"GT","Emissions Totals","16","Bangladesh","7234","Direct emissions (N2O)","5062","Manure applied to Soils","2001","2001","3050","FAO TIER 1","kilotonnes","2.7939","Fc","Calculated data",""
"GT","Emissions Totals","16","Bangladesh","7234","Direct emissions (N2O)","5062","Manure applied to Soils","2005","2005","3050","FAO TIER 1","kilotonnes","3.1329","Fc","Calculated data",""
"GT","Emissions Totals","16","Bangladesh","7234","Direct emissions (N2O)","5062","Manure applied to Soils","2011","2011","3050","FAO TIER 1","kilotonnes","3.5825","Fc","Calculated data",""
"GT","Emissions Totals","16","Bangladesh","7234","Direct emissions (N2O)","5062","Manure applied to Soils","2015","2015","3050","FAO TIER 1","kilotonnes","3.8761","Fc","Calculated data",""
"GT","Emissions Totals","16","Bangladesh","7234","Direct emissions (N2O)","5062","Manure applied to Soils","2019","2019","3050","FAO TIER 1","kilotonnes","4.0362","Fc","Calculated data",""
"GT","Emissions Totals","16","Bangladesh","7234","Direct emissions (N2O)","5064","Crop Residues","1961","1961","3050","FAO TIER 1","kilotonnes","4.3626","Fc","Calculated data",""
"GT","Emissions Totals","16","Bangladesh","7234","Direct emissions (N2O)","5064","Crop Residues","1965","1965","3050","FAO TIER 1","kilotonnes","4.7871","Fc","Calculated data",""
"GT","Emissions Totals","16","Bangladesh","7234","Direct emissions (N2O)","5064","Crop Residues","1971","1971","3050","FAO TIER 1","kilotonnes","4.706","Fc","Calculated data",""
"GT","Emissions Totals","16","Bangladesh","7234","Direct emissions (N2O)","5064","Crop Residues","1975","1975","3050","FAO TIER 1","kilotonnes","5.5433","Fc","Calculated data",""
"GT","Emissions Totals","16","Bangladesh","7234","Direct emissions (N2O)","5064","Crop Residues","1981","1981","3050","FAO TIER 1","kilotonnes","5.9534","Fc","Calculated data",""
"GT","Emissions Totals","16","Bangladesh","7234","Direct emissions (N2O)","5064","Crop Residues","1985","1985","3050","FAO TIER 1","kilotonnes","6.278","Fc","Calculated data",""
"GT","Emissions Totals","16","Bangladesh","7234","Direct emissions (N2O)","5064","Crop Residues","1991","1991","3050","FAO TIER 1","kilotonnes","6.7107","Fc","Calculated data",""
"GT","Emissions Totals","16","Bangladesh","7234","Direct emissions (N2O)","5064","Crop Residues","1995","1995","3050","FAO TIER 1","kilotonnes","6.5684","Fc","Calculated data",""
"GT","Emissions Totals","16","Bangladesh","7234","Direct emissions (N2O)","5064","Crop Residues","2001","2001","3050","FAO TIER 1","kilotonnes","8.1296","Fc","Calculated data",""
"GT","Emissions Totals","16","Bangladesh","7234","Direct emissions (N2O)","5064","Crop Residues","2005","2005","3050","FAO TIER 1","kilotonnes","8.4694","Fc","Calculated data",""
"GT","Emissions Totals","16","Bangladesh","7234","Direct emissions (N2O)","5064","Crop Residues","2011","2011","3050","FAO TIER 1","kilotonnes","10.27","Fc","Calculated data",""
"GT","Emissions Totals","16","Bangladesh","7234","Direct emissions (N2O)","5064","Crop Residues","2015","2015","3050","FAO TIER 1","kilotonnes","10.6254","Fc","Calculated data",""
"GT","Emissions Totals","16","Bangladesh","7234","Direct emissions (N2O)","5064","Crop Residues","2019","2019","3050","FAO TIER 1","kilotonnes","11.1089","Fc","Calculated data",""
"GT","Emissions Totals","16","Bangladesh","7225","Emissions (CH4)","6994","On-farm energy use","1991","1991","3050","FAO TIER 1","kilotonnes","0.1909","Fc","Calculated data",""
"GT","Emissions Totals","16","Bangladesh","7273","Emissions (CO2)","6994","On-farm energy use","1991","1991","3050","FAO TIER 1","kilotonnes","888.0534","Fc","Calculated data",""
"GT","Emissions Totals","16","Bangladesh","7225","Emissions (CH4)","6994","On-farm energy use","1995","1995","3050","FAO TIER 1","kilotonnes","0.5416","Fc","Calculated data",""
"GT","Emissions Totals","16","Bangladesh","7273","Emissions (CO2)","6994","On-farm energy use","1995","1995","3050","FAO TIER 1","kilotonnes","1335.8912","Fc","Calculated data",""
"GT","Emissions Totals","16","Bangladesh","7225","Emissions (CH4)","6994","On-farm energy use","2001","2001","3050","FAO TIER 1","kilotonnes","0.4345","Fc","Calculated data",""
"GT","Emissions Totals","16","Bangladesh","7273","Emissions (CO2)","6994","On-farm energy use","2001","2001","3050","FAO TIER 1","kilotonnes","1973.1451","Fc","Calculated data",""
"GT","Emissions Totals","16","Bangladesh","7225","Emissions (CH4)","6994","On-farm energy use","2005","2005","3050","FAO TIER 1","kilotonnes","0.8597","Fc","Calculated data",""
"GT","Emissions Totals","16","Bangladesh","7273","Emissions (CO2)","6994","On-farm energy use","2005","2005","3050","FAO TIER 1","kilotonnes","2668.4301","Fc","Calculated data",""
"GT","Emissions Totals","16","Bangladesh","7225","Emissions (CH4)","6994","On-farm energy use","2011","2011","3050","FAO TIER 1","kilotonnes","0.8235","Fc","Calculated data",""
"GT","Emissions Totals","16","Bangladesh","7273","Emissions (CO2)","6994","On-farm energy use","2011","2011","3050","FAO TIER 1","kilotonnes","3673.1491","Fc","Calculated data",""
"GT","Emissions Totals","16","Bangladesh","7225","Emissions (CH4)","6994","On-farm energy use","2015","2015","3050","FAO TIER 1","kilotonnes","1.1087","Fc","Calculated data",""
"GT","Emissions Totals","16","Bangladesh","7273","Emissions (CO2)","6994","On-farm energy use","2015","2015","3050","FAO TIER 1","kilotonnes","3183.4412","Fc","Calculated data",""
"GT","Emissions Totals","16","Bangladesh","7225","Emissions (CH4)","6994","On-farm energy use","2019","2019","3050","FAO TIER 1","kilotonnes","0.6929","Fc","Calculated data",""
"GT","Emissions Totals","16","Bangladesh","7273","Emissions (CO2)","6994","On-farm energy use","2019","2019","3050","FAO TIER 1","kilotonnes","3745.6542","Fc","Calculated data",""
"GT","Emissions Totals","18","Bhutan","7225","Emissions (CH4)","5059","Manure Management","1961","1961","3050","FAO TIER 1","kilotonnes","0.6929","Fc","Calculated data",""
"GT","Emissions Totals","18","Bhutan","7225","Emissions (CH4)","5059","Manure Management","1965","1965","3050","FAO TIER 1","kilotonnes","0.7665","Fc","Calculated data",""
"GT","Emissions Totals","18","Bhutan","7225","Emissions (CH4)","5059","Manure Management","1971","1971","3050","FAO TIER 1","kilotonnes","0.874","Fc","Calculated data",""
"GT","Emissions Totals","18","Bhutan","7225","Emissions (CH4)","5059","Manure Management","1975","1975","3050","FAO TIER 1","kilotonnes","0.9514","Fc","Calculated data",""
"GT","Emissions Totals","18","Bhutan","7225","Emissions (CH4)","5059","Manure Management","1981","1981","3050","FAO TIER 1","kilotonnes","1.1001","Fc","Calculated data",""
"GT","Emissions Totals","18","Bhutan","7225","Emissions (CH4)","5059","Manure Management","1985","1985","3050","FAO TIER 1","kilotonnes","1.271","Fc","Calculated data",""
"GT","Emissions Totals","18","Bhutan","7225","Emissions (CH4)","5059","Manure Management","1991","1991","3050","FAO TIER 1","kilotonnes","1.3673","Fc","Calculated data",""
"GT","Emissions Totals","18","Bhutan","7225","Emissions (CH4)","5059","Manure Management","1995","1995","3050","FAO TIER 1","kilotonnes","1.4054","Fc","Calculated data",""
"GT","Emissions Totals","18","Bhutan","7225","Emissions (CH4)","5059","Manure Management","2001","2001","3050","FAO TIER 1","kilotonnes","1.2253","Fc","Calculated data",""
"GT","Emissions Totals","18","Bhutan","7225","Emissions (CH4)","5059","Manure Management","2005","2005","3050","FAO TIER 1","kilotonnes","1.3855","Fc","Calculated data",""
"GT","Emissions Totals","18","Bhutan","7225","Emissions (CH4)","5059","Manure Management","2011","2011","3050","FAO TIER 1","kilotonnes","1.216","Fc","Calculated data",""
"GT","Emissions Totals","18","Bhutan","7225","Emissions (CH4)","5059","Manure Management","2015","2015","3050","FAO TIER 1","kilotonnes","1.0949","Fc","Calculated data",""
"GT","Emissions Totals","18","Bhutan","7225","Emissions (CH4)","5059","Manure Management","2019","2019","3050","FAO TIER 1","kilotonnes","1.1101","Fc","Calculated data",""
"GT","Emissions Totals","18","Bhutan","7234","Direct emissions (N2O)","5062","Manure applied to Soils","1961","1961","3050","FAO TIER 1","kilotonnes","0.0183","Fc","Calculated data",""
"GT","Emissions Totals","18","Bhutan","7234","Direct emissions (N2O)","5062","Manure applied to Soils","1965","1965","3050","FAO TIER 1","kilotonnes","0.0202","Fc","Calculated data",""
"GT","Emissions Totals","18","Bhutan","7234","Direct emissions (N2O)","5062","Manure applied to Soils","1971","1971","3050","FAO TIER 1","kilotonnes","0.023","Fc","Calculated data",""
"GT","Emissions Totals","18","Bhutan","7234","Direct emissions (N2O)","5062","Manure applied to Soils","1975","1975","3050","FAO TIER 1","kilotonnes","0.025","Fc","Calculated data",""
"GT","Emissions Totals","18","Bhutan","7234","Direct emissions (N2O)","5062","Manure applied to Soils","1981","1981","3050","FAO TIER 1","kilotonnes","0.029","Fc","Calculated data",""
"GT","Emissions Totals","18","Bhutan","7234","Direct emissions (N2O)","5062","Manure applied to Soils","1985","1985","3050","FAO TIER 1","kilotonnes","0.0341","Fc","Calculated data",""
"GT","Emissions Totals","18","Bhutan","7234","Direct emissions (N2O)","5062","Manure applied to Soils","1991","1991","3050","FAO TIER 1","kilotonnes","0.0366","Fc","Calculated data",""
"GT","Emissions Totals","18","Bhutan","7234","Direct emissions (N2O)","5062","Manure applied to Soils","1995","1995","3050","FAO TIER 1","kilotonnes","0.0374","Fc","Calculated data",""
"GT","Emissions Totals","18","Bhutan","7234","Direct emissions (N2O)","5062","Manure applied to Soils","2001","2001","3050","FAO TIER 1","kilotonnes","0.0326","Fc","Calculated data",""
"GT","Emissions Totals","18","Bhutan","7234","Direct emissions (N2O)","5062","Manure applied to Soils","2005","2005","3050","FAO TIER 1","kilotonnes","0.0364","Fc","Calculated data",""
"GT","Emissions Totals","18","Bhutan","7234","Direct emissions (N2O)","5062","Manure applied to Soils","2011","2011","3050","FAO TIER 1","kilotonnes","0.0331","Fc","Calculated data",""
"GT","Emissions Totals","18","Bhutan","7234","Direct emissions (N2O)","5062","Manure applied to Soils","2015","2015","3050","FAO TIER 1","kilotonnes","0.0308","Fc","Calculated data",""
"GT","Emissions Totals","18","Bhutan","7234","Direct emissions (N2O)","5062","Manure applied to Soils","2019","2019","3050","FAO TIER 1","kilotonnes","0.033","Fc","Calculated data",""
"GT","Emissions Totals","18","Bhutan","7234","Direct emissions (N2O)","5064","Crop Residues","1961","1961","3050","FAO TIER 1","kilotonnes","0.0213","Fc","Calculated data",""
"GT","Emissions Totals","18","Bhutan","7234","Direct emissions (N2O)","5064","Crop Residues","1965","1965","3050","FAO TIER 1","kilotonnes","0.0238","Fc","Calculated data",""
"GT","Emissions Totals","18","Bhutan","7234","Direct emissions (N2O)","5064","Crop Residues","1971","1971","3050","FAO TIER 1","kilotonnes","0.0278","Fc","Calculated data",""
"GT","Emissions Totals","18","Bhutan","7234","Direct emissions (N2O)","5064","Crop Residues","1975","1975","3050","FAO TIER 1","kilotonnes","0.0304","Fc","Calculated data",""
"GT","Emissions Totals","18","Bhutan","7234","Direct emissions (N2O)","5064","Crop Residues","1981","1981","3050","FAO TIER 1","kilotonnes","0.0351","Fc","Calculated data",""
"GT","Emissions Totals","18","Bhutan","7234","Direct emissions (N2O)","5064","Crop Residues","1985","1985","3050","FAO TIER 1","kilotonnes","0.0376","Fc","Calculated data",""
"GT","Emissions Totals","18","Bhutan","7234","Direct emissions (N2O)","5064","Crop Residues","1991","1991","3050","FAO TIER 1","kilotonnes","0.0269","Fc","Calculated data",""
"GT","Emissions Totals","18","Bhutan","7234","Direct emissions (N2O)","5064","Crop Residues","1995","1995","3050","FAO TIER 1","kilotonnes","0.0337","Fc","Calculated data",""
"GT","Emissions Totals","18","Bhutan","7234","Direct emissions (N2O)","5064","Crop Residues","2001","2001","3050","FAO TIER 1","kilotonnes","0.0254","Fc","Calculated data",""
"GT","Emissions Totals","18","Bhutan","7234","Direct emissions (N2O)","5064","Crop Residues","2005","2005","3050","FAO TIER 1","kilotonnes","0.037","Fc","Calculated data",""
"GT","Emissions Totals","18","Bhutan","7234","Direct emissions (N2O)","5064","Crop Residues","2011","2011","3050","FAO TIER 1","kilotonnes","0.0345","Fc","Calculated data",""
"GT","Emissions Totals","18","Bhutan","7234","Direct emissions (N2O)","5064","Crop Residues","2015","2015","3050","FAO TIER 1","kilotonnes","0.0311","Fc","Calculated data",""
"GT","Emissions Totals","18","Bhutan","7234","Direct emissions (N2O)","5064","Crop Residues","2019","2019","3050","FAO TIER 1","kilotonnes","0.0191","Fc","Calculated data",""
"GT","Emissions Totals","18","Bhutan","7225","Emissions (CH4)","6994","On-farm energy use","1991","1991","3050","FAO TIER 1","kilotonnes","0.0145","Fc","Calculated data",""
"GT","Emissions Totals","18","Bhutan","7273","Emissions (CO2)","6994","On-farm energy use","1991","1991","3050","FAO TIER 1","kilotonnes","8.8014","Fc","Calculated data",""
"GT","Emissions Totals","18","Bhutan","7225","Emissions (CH4)","6994","On-farm energy use","1995","1995","3050","FAO TIER 1","kilotonnes","0.0216","Fc","Calculated data",""
"GT","Emissions Totals","18","Bhutan","7273","Emissions (CO2)","6994","On-farm energy use","1995","1995","3050","FAO TIER 1","kilotonnes","10.5083","Fc","Calculated data",""
"GT","Emissions Totals","18","Bhutan","7225","Emissions (CH4)","6994","On-farm energy use","2001","2001","3050","FAO TIER 1","kilotonnes","0.0258","Fc","Calculated data",""
"GT","Emissions Totals","18","Bhutan","7273","Emissions (CO2)","6994","On-farm energy use","2001","2001","3050","FAO TIER 1","kilotonnes","12.3123","Fc","Calculated data",""
"GT","Emissions Totals","18","Bhutan","7225","Emissions (CH4)","6994","On-farm energy use","2005","2005","3050","FAO TIER 1","kilotonnes","0.0161","Fc","Calculated data",""
"GT","Emissions Totals","18","Bhutan","7273","Emissions (CO2)","6994","On-farm energy use","2005","2005","3050","FAO TIER 1","kilotonnes","10.551","Fc","Calculated data",""
"GT","Emissions Totals","18","Bhutan","7225","Emissions (CH4)","6994","On-farm energy use","2011","2011","3050","FAO TIER 1","kilotonnes","0.0115","Fc","Calculated data",""
"GT","Emissions Totals","18","Bhutan","7273","Emissions (CO2)","6994","On-farm energy use","2011","2011","3050","FAO TIER 1","kilotonnes","14.5885","Fc","Calculated data",""
"GT","Emissions Totals","18","Bhutan","7225","Emissions (CH4)","6994","On-farm energy use","2015","2015","3050","FAO TIER 1","kilotonnes","0.0102","Fc","Calculated data",""
"GT","Emissions Totals","18","Bhutan","7273","Emissions (CO2)","6994","On-farm energy use","2015","2015","3050","FAO TIER 1","kilotonnes","14.8387","Fc","Calculated data",""
"GT","Emissions Totals","18","Bhutan","7225","Emissions (CH4)","6994","On-farm energy use","2019","2019","3050","FAO TIER 1","kilotonnes","0.013","Fc","Calculated data",""
"GT","Emissions Totals","18","Bhutan","7273","Emissions (CO2)","6994","On-farm energy use","2019","2019","3050","FAO TIER 1","kilotonnes","18.286","Fc","Calculated data",""
"GT","Emissions Totals","100","India","7225","Emissions (CH4)","5059","Manure Management","1961","1961","3050","FAO TIER 1","kilotonnes","720.7089","Fc","Calculated data",""
"GT","Emissions Totals","100","India","7225","Emissions (CH4)","5059","Manure Management","1965","1965","3050","FAO TIER 1","kilotonnes","711.7185","Fc","Calculated data",""
"GT","Emissions Totals","100","India","7225","Emissions (CH4)","5059","Manure Management","1971","1971","3050","FAO TIER 1","kilotonnes","760.1726","Fc","Calculated data",""
"GT","Emissions Totals","100","India","7225","Emissions (CH4)","5059","Manure Management","1975","1975","3050","FAO TIER 1","kilotonnes","786.6963","Fc","Calculated data",""
"GT","Emissions Totals","100","India","7225","Emissions (CH4)","5059","Manure Management","1981","1981","3050","FAO TIER 1","kilotonnes","873.5863","Fc","Calculated data",""
"GT","Emissions Totals","100","India","7225","Emissions (CH4)","5059","Manure Management","1985","1985","3050","FAO TIER 1","kilotonnes","941.2404","Fc","Calculated data",""
"GT","Emissions Totals","100","India","7225","Emissions (CH4)","5059","Manure Management","1991","1991","3050","FAO TIER 1","kilotonnes","1012.1877","Fc","Calculated data",""
"GT","Emissions Totals","100","India","7225","Emissions (CH4)","5059","Manure Management","1995","1995","3050","FAO TIER 1","kilotonnes","1048.5784","Fc","Calculated data",""
"GT","Emissions Totals","100","India","7225","Emissions (CH4)","5059","Manure Management","2001","2001","3050","FAO TIER 1","kilotonnes","1070.7222","Fc","Calculated data",""
"GT","Emissions Totals","100","India","7225","Emissions (CH4)","5059","Manure Management","2005","2005","3050","FAO TIER 1","kilotonnes","1113.2429","Fc","Calculated data",""
"GT","Emissions Totals","100","India","7225","Emissions (CH4)","5059","Manure Management","2011","2011","3050","FAO TIER 1","kilotonnes","1162.1108","Fc","Calculated data",""
"GT","Emissions Totals","100","India","7225","Emissions (CH4)","5059","Manure Management","2015","2015","3050","FAO TIER 1","kilotonnes","1173.0123","Fc","Calculated data",""
"GT","Emissions Totals","100","India","7225","Emissions (CH4)","5059","Manure Management","2019","2019","3050","FAO TIER 1","kilotonnes","1198.472","Fc","Calculated data",""
"GT","Emissions Totals","100","India","7234","Direct emissions (N2O)","5062","Manure applied to Soils","1961","1961","3050","FAO TIER 1","kilotonnes","20.1736","Fc","Calculated data",""
"GT","Emissions Totals","100","India","7234","Direct emissions (N2O)","5062","Manure applied to Soils","1965","1965","3050","FAO TIER 1","kilotonnes","20.0787","Fc","Calculated data",""
"GT","Emissions Totals","100","India","7234","Direct emissions (N2O)","5062","Manure applied to Soils","1971","1971","3050","FAO TIER 1","kilotonnes","21.2505","Fc","Calculated data",""
"GT","Emissions Totals","100","India","7234","Direct emissions (N2O)","5062","Manure applied to Soils","1975","1975","3050","FAO TIER 1","kilotonnes","21.9939","Fc","Calculated data",""
"GT","Emissions Totals","100","India","7234","Direct emissions (N2O)","5062","Manure applied to Soils","1981","1981","3050","FAO TIER 1","kilotonnes","24.5118","Fc","Calculated data",""
"GT","Emissions Totals","100","India","7234","Direct emissions (N2O)","5062","Manure applied to Soils","1985","1985","3050","FAO TIER 1","kilotonnes","26.4559","Fc","Calculated data",""
"GT","Emissions Totals","100","India","7234","Direct emissions (N2O)","5062","Manure applied to Soils","1991","1991","3050","FAO TIER 1","kilotonnes","28.4461","Fc","Calculated data",""
"GT","Emissions Totals","100","India","7234","Direct emissions (N2O)","5062","Manure applied to Soils","1995","1995","3050","FAO TIER 1","kilotonnes","29.6282","Fc","Calculated data",""
"GT","Emissions Totals","100","India","7234","Direct emissions (N2O)","5062","Manure applied to Soils","2001","2001","3050","FAO TIER 1","kilotonnes","30.6998","Fc","Calculated data",""
"GT","Emissions Totals","100","India","7234","Direct emissions (N2O)","5062","Manure applied to Soils","2005","2005","3050","FAO TIER 1","kilotonnes","32.5179","Fc","Calculated data",""
"GT","Emissions Totals","100","India","7234","Direct emissions (N2O)","5062","Manure applied to Soils","2011","2011","3050","FAO TIER 1","kilotonnes","34.4198","Fc","Calculated data",""
"GT","Emissions Totals","100","India","7234","Direct emissions (N2O)","5062","Manure applied to Soils","2015","2015","3050","FAO TIER 1","kilotonnes","35.0195","Fc","Calculated data",""
"GT","Emissions Totals","100","India","7234","Direct emissions (N2O)","5062","Manure applied to Soils","2019","2019","3050","FAO TIER 1","kilotonnes","36.1302","Fc","Calculated data",""
"GT","Emissions Totals","100","India","7234","Direct emissions (N2O)","5064","Crop Residues","1961","1961","3050","FAO TIER 1","kilotonnes","27.812","Fc","Calculated data",""
"GT","Emissions Totals","100","India","7234","Direct emissions (N2O)","5064","Crop Residues","1965","1965","3050","FAO TIER 1","kilotonnes","27.1467","Fc","Calculated data",""
"GT","Emissions Totals","100","India","7234","Direct emissions (N2O)","5064","Crop Residues","1971","1971","3050","FAO TIER 1","kilotonnes","33.0794","Fc","Calculated data",""
"GT","Emissions Totals","100","India","7234","Direct emissions (N2O)","5064","Crop Residues","1975","1975","3050","FAO TIER 1","kilotonnes","35.6503","Fc","Calculated data",""
"GT","Emissions Totals","100","India","7234","Direct emissions (N2O)","5064","Crop Residues","1981","1981","3050","FAO TIER 1","kilotonnes","39.599","Fc","Calculated data",""
"GT","Emissions Totals","100","India","7234","Direct emissions (N2O)","5064","Crop Residues","1985","1985","3050","FAO TIER 1","kilotonnes","42.5748","Fc","Calculated data",""
"GT","Emissions Totals","100","India","7234","Direct emissions (N2O)","5064","Crop Residues","1991","1991","3050","FAO TIER 1","kilotonnes","47.1707","Fc","Calculated data",""
"GT","Emissions Totals","100","India","7234","Direct emissions (N2O)","5064","Crop Residues","1995","1995","3050","FAO TIER 1","kilotonnes","50.3908","Fc","Calculated data",""
"GT","Emissions Totals","100","India","7234","Direct emissions (N2O)","5064","Crop Residues","2001","2001","3050","FAO TIER 1","kilotonnes","55.4584","Fc","Calculated data",""
"GT","Emissions Totals","100","India","7234","Direct emissions (N2O)","5064","Crop Residues","2005","2005","3050","FAO TIER 1","kilotonnes","55.545","Fc","Calculated data",""
"GT","Emissions Totals","100","India","7234","Direct emissions (N2O)","5064","Crop Residues","2011","2011","3050","FAO TIER 1","kilotonnes","64.4734","Fc","Calculated data",""
"GT","Emissions Totals","100","India","7234","Direct emissions (N2O)","5064","Crop Residues","2015","2015","3050","FAO TIER 1","kilotonnes","63.5648","Fc","Calculated data",""
"GT","Emissions Totals","100","India","7234","Direct emissions (N2O)","5064","Crop Residues","2019","2019","3050","FAO TIER 1","kilotonnes","70.054","Fc","Calculated data",""
"GT","Emissions Totals","100","India","7225","Emissions (CH4)","6994","On-farm energy use","1991","1991","3050","FAO TIER 1","kilotonnes","69.421","Fc","Calculated data",""
"GT","Emissions Totals","100","India","7273","Emissions (CO2)","6994","On-farm energy use","1991","1991","3050","FAO TIER 1","kilotonnes","36767.1039","Fc","Calculated data",""
"GT","Emissions Totals","100","India","7225","Emissions (CH4)","6994","On-farm energy use","1995","1995","3050","FAO TIER 1","kilotonnes","69.5405","Fc","Calculated data",""
"GT","Emissions Totals","100","India","7273","Emissions (CO2)","6994","On-farm energy use","1995","1995","3050","FAO TIER 1","kilotonnes","41042.2048","Fc","Calculated data",""
"GT","Emissions Totals","100","India","7225","Emissions (CH4)","6994","On-farm energy use","2001","2001","3050","FAO TIER 1","kilotonnes","32.3968","Fc","Calculated data",""
"GT","Emissions Totals","100","India","7273","Emissions (CO2)","6994","On-farm energy use","2001","2001","3050","FAO TIER 1","kilotonnes","37055.7192","Fc","Calculated data",""
"GT","Emissions Totals","100","India","7225","Emissions (CH4)","6994","On-farm energy use","2005","2005","3050","FAO TIER 1","kilotonnes","42.6804","Fc","Calculated data",""
"GT","Emissions Totals","100","India","7273","Emissions (CO2)","6994","On-farm energy use","2005","2005","3050","FAO TIER 1","kilotonnes","42525.4464","Fc","Calculated data",""
"GT","Emissions Totals","100","India","7225","Emissions (CH4)","6994","On-farm energy use","2011","2011","3050","FAO TIER 1","kilotonnes","42.2832","Fc","Calculated data",""
"GT","Emissions Totals","100","India","7273","Emissions (CO2)","6994","On-farm energy use","2011","2011","3050","FAO TIER 1","kilotonnes","17163.1369","Fc","Calculated data",""
"GT","Emissions Totals","100","India","7225","Emissions (CH4)","6994","On-farm energy use","2015","2015","3050","FAO TIER 1","kilotonnes","42.0933","Fc","Calculated data",""
"GT","Emissions Totals","100","India","7273","Emissions (CO2)","6994","On-farm energy use","2015","2015","3050","FAO TIER 1","kilotonnes","16248.6593","Fc","Calculated data",""
"GT","Emissions Totals","100","India","7225","Emissions (CH4)","6994","On-farm energy use","2019","2019","3050","FAO TIER 1","kilotonnes","16.7173","Fc","Calculated data",""
"GT","Emissions Totals","100","India","7273","Emissions (CO2)","6994","On-farm energy use","2019","2019","3050","FAO TIER 1","kilotonnes","5959.5459","Fc","Calculated data",""
"GT","Emissions Totals","102","Iran (Islamic Republic of)","7225","Emissions (CH4)","5059","Manure Management","1961","1961","3050","FAO TIER 1","kilotonnes","27.2874","Fc","Calculated data",""
"GT","Emissions Totals","102","Iran (Islamic Republic of)","7225","Emissions (CH4)","5059","Manure Management","1965","1965","3050","FAO TIER 1","kilotonnes","25.2376","Fc","Calculated data",""
"GT","Emissions Totals","102","Iran (Islamic Republic of)","7225","Emissions (CH4)","5059","Manure Management","1971","1971","3050","FAO TIER 1","kilotonnes","27.3463","Fc","Calculated data",""
"GT","Emissions Totals","102","Iran (Islamic Republic of)","7225","Emissions (CH4)","5059","Manure Management","1975","1975","3050","FAO TIER 1","kilotonnes","29.5565","Fc","Calculated data",""
"GT","Emissions Totals","102","Iran (Islamic Republic of)","7225","Emissions (CH4)","5059","Manure Management","1981","1981","3050","FAO TIER 1","kilotonnes","31.7465","Fc","Calculated data",""
"GT","Emissions Totals","102","Iran (Islamic Republic of)","7225","Emissions (CH4)","5059","Manure Management","1985","1985","3050","FAO TIER 1","kilotonnes","35.6125","Fc","Calculated data",""
"GT","Emissions Totals","102","Iran (Islamic Republic of)","7225","Emissions (CH4)","5059","Manure Management","1991","1991","3050","FAO TIER 1","kilotonnes","39.5917","Fc","Calculated data",""
"GT","Emissions Totals","102","Iran (Islamic Republic of)","7225","Emissions (CH4)","5059","Manure Management","1995","1995","3050","FAO TIER 1","kilotonnes","45.5","Fc","Calculated data",""
"GT","Emissions Totals","102","Iran (Islamic Republic of)","7225","Emissions (CH4)","5059","Manure Management","2001","2001","3050","FAO TIER 1","kilotonnes","46.693","Fc","Calculated data",""
"GT","Emissions Totals","102","Iran (Islamic Republic of)","7225","Emissions (CH4)","5059","Manure Management","2005","2005","3050","FAO TIER 1","kilotonnes","52.5023","Fc","Calculated data",""
"GT","Emissions Totals","102","Iran (Islamic Republic of)","7225","Emissions (CH4)","5059","Manure Management","2011","2011","3050","FAO TIER 1","kilotonnes","53.6179","Fc","Calculated data",""
"GT","Emissions Totals","102","Iran (Islamic Republic of)","7225","Emissions (CH4)","5059","Manure Management","2015","2015","3050","FAO TIER 1","kilotonnes","45.0054","Fc","Calculated data",""
"GT","Emissions Totals","102","Iran (Islamic Republic of)","7225","Emissions (CH4)","5059","Manure Management","2019","2019","3050","FAO TIER 1","kilotonnes","49.0448","Fc","Calculated data",""
"GT","Emissions Totals","102","Iran (Islamic Republic of)","7234","Direct emissions (N2O)","5062","Manure applied to Soils","1961","1961","3050","FAO TIER 1","kilotonnes","1.743","Fc","Calculated data",""
"GT","Emissions Totals","102","Iran (Islamic Republic of)","7234","Direct emissions (N2O)","5062","Manure applied to Soils","1965","1965","3050","FAO TIER 1","kilotonnes","1.6514","Fc","Calculated data",""
"GT","Emissions Totals","102","Iran (Islamic Republic of)","7234","Direct emissions (N2O)","5062","Manure applied to Soils","1971","1971","3050","FAO TIER 1","kilotonnes","1.7758","Fc","Calculated data",""
"GT","Emissions Totals","102","Iran (Islamic Republic of)","7234","Direct emissions (N2O)","5062","Manure applied to Soils","1975","1975","3050","FAO TIER 1","kilotonnes","1.8387","Fc","Calculated data",""
"GT","Emissions Totals","102","Iran (Islamic Republic of)","7234","Direct emissions (N2O)","5062","Manure applied to Soils","1981","1981","3050","FAO TIER 1","kilotonnes","2.1757","Fc","Calculated data",""
"GT","Emissions Totals","102","Iran (Islamic Republic of)","7234","Direct emissions (N2O)","5062","Manure applied to Soils","1985","1985","3050","FAO TIER 1","kilotonnes","2.5079","Fc","Calculated data",""
"GT","Emissions Totals","102","Iran (Islamic Republic of)","7234","Direct emissions (N2O)","5062","Manure applied to Soils","1991","1991","3050","FAO TIER 1","kilotonnes","2.9711","Fc","Calculated data",""
"GT","Emissions Totals","102","Iran (Islamic Republic of)","7234","Direct emissions (N2O)","5062","Manure applied to Soils","1995","1995","3050","FAO TIER 1","kilotonnes","3.3764","Fc","Calculated data",""
"GT","Emissions Totals","102","Iran (Islamic Republic of)","7234","Direct emissions (N2O)","5062","Manure applied to Soils","2001","2001","3050","FAO TIER 1","kilotonnes","3.7315","Fc","Calculated data",""
"GT","Emissions Totals","102","Iran (Islamic Republic of)","7234","Direct emissions (N2O)","5062","Manure applied to Soils","2005","2005","3050","FAO TIER 1","kilotonnes","4.7133","Fc","Calculated data",""
"GT","Emissions Totals","102","Iran (Islamic Republic of)","7234","Direct emissions (N2O)","5062","Manure applied to Soils","2011","2011","3050","FAO TIER 1","kilotonnes","5.272","Fc","Calculated data",""
"GT","Emissions Totals","102","Iran (Islamic Republic of)","7234","Direct emissions (N2O)","5062","Manure applied to Soils","2015","2015","3050","FAO TIER 1","kilotonnes","5.0155","Fc","Calculated data",""
"GT","Emissions Totals","102","Iran (Islamic Republic of)","7234","Direct emissions (N2O)","5062","Manure applied to Soils","2019","2019","3050","FAO TIER 1","kilotonnes","5.4303","Fc","Calculated data",""
"GT","Emissions Totals","102","Iran (Islamic Republic of)","7234","Direct emissions (N2O)","5064","Crop Residues","1961","1961","3050","FAO TIER 1","kilotonnes","1.1648","Fc","Calculated data",""
"GT","Emissions Totals","102","Iran (Islamic Republic of)","7234","Direct emissions (N2O)","5064","Crop Residues","1965","1965","3050","FAO TIER 1","kilotonnes","1.4886","Fc","Calculated data",""
"GT","Emissions Totals","102","Iran (Islamic Republic of)","7234","Direct emissions (N2O)","5064","Crop Residues","1971","1971","3050","FAO TIER 1","kilotonnes","1.532","Fc","Calculated data",""
"GT","Emissions Totals","102","Iran (Islamic Republic of)","7234","Direct emissions (N2O)","5064","Crop Residues","1975","1975","3050","FAO TIER 1","kilotonnes","2.1292","Fc","Calculated data",""
"GT","Emissions Totals","102","Iran (Islamic Republic of)","7234","Direct emissions (N2O)","5064","Crop Residues","1981","1981","3050","FAO TIER 1","kilotonnes","2.3845","Fc","Calculated data",""
"GT","Emissions Totals","102","Iran (Islamic Republic of)","7234","Direct emissions (N2O)","5064","Crop Residues","1985","1985","3050","FAO TIER 1","kilotonnes","2.6335","Fc","Calculated data",""
"GT","Emissions Totals","102","Iran (Islamic Republic of)","7234","Direct emissions (N2O)","5064","Crop Residues","1991","1991","3050","FAO TIER 1","kilotonnes","3.3188","Fc","Calculated data",""
"GT","Emissions Totals","102","Iran (Islamic Republic of)","7234","Direct emissions (N2O)","5064","Crop Residues","1995","1995","3050","FAO TIER 1","kilotonnes","3.7906","Fc","Calculated data",""
"GT","Emissions Totals","102","Iran (Islamic Republic of)","7234","Direct emissions (N2O)","5064","Crop Residues","2001","2001","3050","FAO TIER 1","kilotonnes","3.3042","Fc","Calculated data",""
"GT","Emissions Totals","102","Iran (Islamic Republic of)","7234","Direct emissions (N2O)","5064","Crop Residues","2005","2005","3050","FAO TIER 1","kilotonnes","4.6671","Fc","Calculated data",""
"GT","Emissions Totals","102","Iran (Islamic Republic of)","7234","Direct emissions (N2O)","5064","Crop Residues","2011","2011","3050","FAO TIER 1","kilotonnes","3.3644","Fc","Calculated data",""
"GT","Emissions Totals","102","Iran (Islamic Republic of)","7234","Direct emissions (N2O)","5064","Crop Residues","2015","2015","3050","FAO TIER 1","kilotonnes","3.9448","Fc","Calculated data",""
"GT","Emissions Totals","102","Iran (Islamic Republic of)","7234","Direct emissions (N2O)","5064","Crop Residues","2019","2019","3050","FAO TIER 1","kilotonnes","5.066","Fc","Calculated data",""
"GT","Emissions Totals","102","Iran (Islamic Republic of)","7225","Emissions (CH4)","6994","On-farm energy use","1991","1991","3050","FAO TIER 1","kilotonnes","0.8256","Fc","Calculated data",""
"GT","Emissions Totals","102","Iran (Islamic Republic of)","7273","Emissions (CO2)","6994","On-farm energy use","1991","1991","3050","FAO TIER 1","kilotonnes","12885.1068","Fc","Calculated data",""
"GT","Emissions Totals","102","Iran (Islamic Republic of)","7225","Emissions (CH4)","6994","On-farm energy use","1995","1995","3050","FAO TIER 1","kilotonnes","0.8371","Fc","Calculated data",""
"GT","Emissions Totals","102","Iran (Islamic Republic of)","7273","Emissions (CO2)","6994","On-farm energy use","1995","1995","3050","FAO TIER 1","kilotonnes","12247.3738","Fc","Calculated data",""
"GT","Emissions Totals","102","Iran (Islamic Republic of)","7225","Emissions (CH4)","6994","On-farm energy use","2001","2001","3050","FAO TIER 1","kilotonnes","0.7004","Fc","Calculated data",""
"GT","Emissions Totals","102","Iran (Islamic Republic of)","7273","Emissions (CO2)","6994","On-farm energy use","2001","2001","3050","FAO TIER 1","kilotonnes","11181.5735","Fc","Calculated data",""
"GT","Emissions Totals","102","Iran (Islamic Republic of)","7225","Emissions (CH4)","6994","On-farm energy use","2005","2005","3050","FAO TIER 1","kilotonnes","0.7528","Fc","Calculated data",""
"GT","Emissions Totals","102","Iran (Islamic Republic of)","7273","Emissions (CO2)","6994","On-farm energy use","2005","2005","3050","FAO TIER 1","kilotonnes","12046.4602","Fc","Calculated data",""
"GT","Emissions Totals","102","Iran (Islamic Republic of)","7225","Emissions (CH4)","6994","On-farm energy use","2011","2011","3050","FAO TIER 1","kilotonnes","0.832","Fc","Calculated data",""
"GT","Emissions Totals","102","Iran (Islamic Republic of)","7273","Emissions (CO2)","6994","On-farm energy use","2011","2011","3050","FAO TIER 1","kilotonnes","13303.9956","Fc","Calculated data",""
"GT","Emissions Totals","102","Iran (Islamic Republic of)","7225","Emissions (CH4)","6994","On-farm energy use","2015","2015","3050","FAO TIER 1","kilotonnes","0.7519","Fc","Calculated data",""
"GT","Emissions Totals","102","Iran (Islamic Republic of)","7273","Emissions (CO2)","6994","On-farm energy use","2015","2015","3050","FAO TIER 1","kilotonnes","11166.6675","Fc","Calculated data",""
"GT","Emissions Totals","102","Iran (Islamic Republic of)","7225","Emissions (CH4)","6994","On-farm energy use","2019","2019","3050","FAO TIER 1","kilotonnes","0.9446","Fc","Calculated data",""
"GT","Emissions Totals","102","Iran (Islamic Republic of)","7273","Emissions (CO2)","6994","On-farm energy use","2019","2019","3050","FAO TIER 1","kilotonnes","13553.6786","Fc","Calculated data",""
"GT","Emissions Totals","132","Maldives","7234","Direct emissions (N2O)","5064","Crop Residues","1961","1961","3050","FAO TIER 1","kilotonnes","0","Fc","Calculated data",""
"GT","Emissions Totals","132","Maldives","7234","Direct emissions (N2O)","5064","Crop Residues","1965","1965","3050","FAO TIER 1","kilotonnes","0.0001","Fc","Calculated data",""
"GT","Emissions Totals","132","Maldives","7234","Direct emissions (N2O)","5064","Crop Residues","1971","1971","3050","FAO TIER 1","kilotonnes","0","Fc","Calculated data",""
"GT","Emissions Totals","132","Maldives","7234","Direct emissions (N2O)","5064","Crop Residues","1975","1975","3050","FAO TIER 1","kilotonnes","0.0004","Fc","Calculated data",""
"GT","Emissions Totals","132","Maldives","7234","Direct emissions (N2O)","5064","Crop Residues","1981","1981","3050","FAO TIER 1","kilotonnes","0","Fc","Calculated data",""
"GT","Emissions Totals","132","Maldives","7234","Direct emissions (N2O)","5064","Crop Residues","1985","1985","3050","FAO TIER 1","kilotonnes","0","Fc","Calculated data",""
"GT","Emissions Totals","132","Maldives","7234","Direct emissions (N2O)","5064","Crop Residues","1991","1991","3050","FAO TIER 1","kilotonnes","0","Fc","Calculated data",""
"GT","Emissions Totals","132","Maldives","7234","Direct emissions (N2O)","5064","Crop Residues","1995","1995","3050","FAO TIER 1","kilotonnes","0","Fc","Calculated data",""
"GT","Emissions Totals","132","Maldives","7234","Direct emissions (N2O)","5064","Crop Residues","2001","2001","3050","FAO TIER 1","kilotonnes","0","Fc","Calculated data",""
"GT","Emissions Totals","132","Maldives","7234","Direct emissions (N2O)","5064","Crop Residues","2005","2005","3050","FAO TIER 1","kilotonnes","0","Fc","Calculated data",""
"GT","Emissions Totals","132","Maldives","7234","Direct emissions (N2O)","5064","Crop Residues","2011","2011","3050","FAO TIER 1","kilotonnes","0","Fc","Calculated data",""
"GT","Emissions Totals","132","Maldives","7234","Direct emissions (N2O)","5064","Crop Residues","2015","2015","3050","FAO TIER 1","kilotonnes","0","Fc","Calculated data",""
"GT","Emissions Totals","132","Maldives","7234","Direct emissions (N2O)","5064","Crop Residues","2019","2019","3050","FAO TIER 1","kilotonnes","0","Fc","Calculated data",""
"GT","Emissions Totals","132","Maldives","7225","Emissions (CH4)","6994","On-farm energy use","1991","1991","3050","FAO TIER 1","kilotonnes","0.1091","Fc","Calculated data",""
"GT","Emissions Totals","132","Maldives","7273","Emissions (CO2)","6994","On-farm energy use","1991","1991","3050","FAO TIER 1","kilotonnes","34.415","Fc","Calculated data",""
"GT","Emissions Totals","132","Maldives","7225","Emissions (CH4)","6994","On-farm energy use","1995","1995","3050","FAO TIER 1","kilotonnes","0.1015","Fc","Calculated data",""
"GT","Emissions Totals","132","Maldives","7273","Emissions (CO2)","6994","On-farm energy use","1995","1995","3050","FAO TIER 1","kilotonnes","32.0054","Fc","Calculated data",""
"GT","Emissions Totals","132","Maldives","7225","Emissions (CH4)","6994","On-farm energy use","2001","2001","3050","FAO TIER 1","kilotonnes","0.1445","Fc","Calculated data",""
"GT","Emissions Totals","132","Maldives","7273","Emissions (CO2)","6994","On-farm energy use","2001","2001","3050","FAO TIER 1","kilotonnes","45.5768","Fc","Calculated data",""
"GT","Emissions Totals","132","Maldives","7225","Emissions (CH4)","6994","On-farm energy use","2005","2005","3050","FAO TIER 1","kilotonnes","0.1955","Fc","Calculated data",""
"GT","Emissions Totals","132","Maldives","7273","Emissions (CO2)","6994","On-farm energy use","2005","2005","3050","FAO TIER 1","kilotonnes","61.6327","Fc","Calculated data",""
"GT","Emissions Totals","132","Maldives","7225","Emissions (CH4)","6994","On-farm energy use","2011","2011","3050","FAO TIER 1","kilotonnes","0.2283","Fc","Calculated data",""
"GT","Emissions Totals","132","Maldives","7273","Emissions (CO2)","6994","On-farm energy use","2011","2011","3050","FAO TIER 1","kilotonnes","71.9851","Fc","Calculated data",""
"GT","Emissions Totals","132","Maldives","7225","Emissions (CH4)","6994","On-farm energy use","2015","2015","3050","FAO TIER 1","kilotonnes","0.2485","Fc","Calculated data",""
"GT","Emissions Totals","132","Maldives","7273","Emissions (CO2)","6994","On-farm energy use","2015","2015","3050","FAO TIER 1","kilotonnes","78.3447","Fc","Calculated data",""
"GT","Emissions Totals","132","Maldives","7225","Emissions (CH4)","6994","On-farm energy use","2019","2019","3050","FAO TIER 1","kilotonnes","0.3416","Fc","Calculated data",""
"GT","Emissions Totals","132","Maldives","7273","Emissions (CO2)","6994","On-farm energy use","2019","2019","3050","FAO TIER 1","kilotonnes","107.708","Fc","Calculated data",""
"GT","Emissions Totals","149","Nepal","7225","Emissions (CH4)","5059","Manure Management","1961","1961","3050","FAO TIER 1","kilotonnes","17.3251","Fc","Calculated data",""
"GT","Emissions Totals","149","Nepal","7225","Emissions (CH4)","5059","Manure Management","1965","1965","3050","FAO TIER 1","kilotonnes","18.2901","Fc","Calculated data",""
"GT","Emissions Totals","149","Nepal","7225","Emissions (CH4)","5059","Manure Management","1971","1971","3050","FAO TIER 1","kilotonnes","20.3072","Fc","Calculated data",""
"GT","Emissions Totals","149","Nepal","7225","Emissions (CH4)","5059","Manure Management","1975","1975","3050","FAO TIER 1","kilotonnes","22.9895","Fc","Calculated data",""
"GT","Emissions Totals","149","Nepal","7225","Emissions (CH4)","5059","Manure Management","1981","1981","3050","FAO TIER 1","kilotonnes","27.4508","Fc","Calculated data",""
"GT","Emissions Totals","149","Nepal","7225","Emissions (CH4)","5059","Manure Management","1985","1985","3050","FAO TIER 1","kilotonnes","28.1217","Fc","Calculated data",""
"GT","Emissions Totals","149","Nepal","7225","Emissions (CH4)","5059","Manure Management","1991","1991","3050","FAO TIER 1","kilotonnes","29.3497","Fc","Calculated data",""
"GT","Emissions Totals","149","Nepal","7225","Emissions (CH4)","5059","Manure Management","1995","1995","3050","FAO TIER 1","kilotonnes","31.8542","Fc","Calculated data",""
"GT","Emissions Totals","149","Nepal","7225","Emissions (CH4)","5059","Manure Management","2001","2001","3050","FAO TIER 1","kilotonnes","34.7564","Fc","Calculated data",""
"GT","Emissions Totals","149","Nepal","7225","Emissions (CH4)","5059","Manure Management","2005","2005","3050","FAO TIER 1","kilotonnes","36.9651","Fc","Calculated data",""
"GT","Emissions Totals","149","Nepal","7225","Emissions (CH4)","5059","Manure Management","2011","2011","3050","FAO TIER 1","kilotonnes","42.1646","Fc","Calculated data",""
"GT","Emissions Totals","149","Nepal","7225","Emissions (CH4)","5059","Manure Management","2015","2015","3050","FAO TIER 1","kilotonnes","43.5544","Fc","Calculated data",""
"GT","Emissions Totals","149","Nepal","7225","Emissions (CH4)","5059","Manure Management","2019","2019","3050","FAO TIER 1","kilotonnes","45.8984","Fc","Calculated data",""
"GT","Emissions Totals","149","Nepal","7234","Direct emissions (N2O)","5062","Manure applied to Soils","1961","1961","3050","FAO TIER 1","kilotonnes","0.5291","Fc","Calculated data",""
"GT","Emissions Totals","149","Nepal","7234","Direct emissions (N2O)","5062","Manure applied to Soils","1965","1965","3050","FAO TIER 1","kilotonnes","0.5608","Fc","Calculated data",""
"GT","Emissions Totals","149","Nepal","7234","Direct emissions (N2O)","5062","Manure applied to Soils","1971","1971","3050","FAO TIER 1","kilotonnes","0.6241","Fc","Calculated data",""
"GT","Emissions Totals","149","Nepal","7234","Direct emissions (N2O)","5062","Manure applied to Soils","1975","1975","3050","FAO TIER 1","kilotonnes","0.7129","Fc","Calculated data",""
"GT","Emissions Totals","149","Nepal","7234","Direct emissions (N2O)","5062","Manure applied to Soils","1981","1981","3050","FAO TIER 1","kilotonnes","0.8574","Fc","Calculated data",""
"GT","Emissions Totals","149","Nepal","7234","Direct emissions (N2O)","5062","Manure applied to Soils","1985","1985","3050","FAO TIER 1","kilotonnes","0.8934","Fc","Calculated data",""
"GT","Emissions Totals","149","Nepal","7234","Direct emissions (N2O)","5062","Manure applied to Soils","1991","1991","3050","FAO TIER 1","kilotonnes","0.9505","Fc","Calculated data",""
"GT","Emissions Totals","149","Nepal","7234","Direct emissions (N2O)","5062","Manure applied to Soils","1995","1995","3050","FAO TIER 1","kilotonnes","1.0252","Fc","Calculated data",""
"GT","Emissions Totals","149","Nepal","7234","Direct emissions (N2O)","5062","Manure applied to Soils","2001","2001","3050","FAO TIER 1","kilotonnes","1.1261","Fc","Calculated data",""
"GT","Emissions Totals","149","Nepal","7234","Direct emissions (N2O)","5062","Manure applied to Soils","2005","2005","3050","FAO TIER 1","kilotonnes","1.2094","Fc","Calculated data",""
"GT","Emissions Totals","149","Nepal","7234","Direct emissions (N2O)","5062","Manure applied to Soils","2011","2011","3050","FAO TIER 1","kilotonnes","1.4315","Fc","Calculated data",""
"GT","Emissions Totals","149","Nepal","7234","Direct emissions (N2O)","5062","Manure applied to Soils","2015","2015","3050","FAO TIER 1","kilotonnes","1.5101","Fc","Calculated data",""
"GT","Emissions Totals","149","Nepal","7234","Direct emissions (N2O)","5062","Manure applied to Soils","2019","2019","3050","FAO TIER 1","kilotonnes","1.6636","Fc","Calculated data",""
"GT","Emissions Totals","149","Nepal","7234","Direct emissions (N2O)","5064","Crop Residues","1961","1961","3050","FAO TIER 1","kilotonnes","0.7791","Fc","Calculated data",""
"GT","Emissions Totals","149","Nepal","7234","Direct emissions (N2O)","5064","Crop Residues","1965","1965","3050","FAO TIER 1","kilotonnes","0.8129","Fc","Calculated data",""
"GT","Emissions Totals","149","Nepal","7234","Direct emissions (N2O)","5064","Crop Residues","1971","1971","3050","FAO TIER 1","kilotonnes","0.8693","Fc","Calculated data",""
"GT","Emissions Totals","149","Nepal","7234","Direct emissions (N2O)","5064","Crop Residues","1975","1975","3050","FAO TIER 1","kilotonnes","0.9518","Fc","Calculated data",""
"GT","Emissions Totals","149","Nepal","7234","Direct emissions (N2O)","5064","Crop Residues","1981","1981","3050","FAO TIER 1","kilotonnes","0.9882","Fc","Calculated data",""
"GT","Emissions Totals","149","Nepal","7234","Direct emissions (N2O)","5064","Crop Residues","1985","1985","3050","FAO TIER 1","kilotonnes","1.0955","Fc","Calculated data",""
"GT","Emissions Totals","149","Nepal","7234","Direct emissions (N2O)","5064","Crop Residues","1991","1991","3050","FAO TIER 1","kilotonnes","1.2969","Fc","Calculated data",""
"GT","Emissions Totals","149","Nepal","7234","Direct emissions (N2O)","5064","Crop Residues","1995","1995","3050","FAO TIER 1","kilotonnes","1.4084","Fc","Calculated data",""
"GT","Emissions Totals","149","Nepal","7234","Direct emissions (N2O)","5064","Crop Residues","2001","2001","3050","FAO TIER 1","kilotonnes","1.579","Fc","Calculated data",""
"GT","Emissions Totals","149","Nepal","7234","Direct emissions (N2O)","5064","Crop Residues","2005","2005","3050","FAO TIER 1","kilotonnes","1.7","Fc","Calculated data",""
"GT","Emissions Totals","149","Nepal","7234","Direct emissions (N2O)","5064","Crop Residues","2011","2011","3050","FAO TIER 1","kilotonnes","1.8417","Fc","Calculated data",""
"GT","Emissions Totals","149","Nepal","7234","Direct emissions (N2O)","5064","Crop Residues","2015","2015","3050","FAO TIER 1","kilotonnes","1.9162","Fc","Calculated data",""
"GT","Emissions Totals","149","Nepal","7234","Direct emissions (N2O)","5064","Crop Residues","2019","2019","3050","FAO TIER 1","kilotonnes","2.1089","Fc","Calculated data",""
"GT","Emissions Totals","149","Nepal","7225","Emissions (CH4)","6994","On-farm energy use","1991","1991","3050","FAO TIER 1","kilotonnes","0.089","Fc","Calculated data",""
"GT","Emissions Totals","149","Nepal","7273","Emissions (CO2)","6994","On-farm energy use","1991","1991","3050","FAO TIER 1","kilotonnes","54.4194","Fc","Calculated data",""
"GT","Emissions Totals","149","Nepal","7225","Emissions (CH4)","6994","On-farm energy use","1995","1995","3050","FAO TIER 1","kilotonnes","0.2036","Fc","Calculated data",""
"GT","Emissions Totals","149","Nepal","7273","Emissions (CO2)","6994","On-farm energy use","1995","1995","3050","FAO TIER 1","kilotonnes","98.9897","Fc","Calculated data",""
"GT","Emissions Totals","149","Nepal","7225","Emissions (CH4)","6994","On-farm energy use","2001","2001","3050","FAO TIER 1","kilotonnes","0.2414","Fc","Calculated data",""
"GT","Emissions Totals","149","Nepal","7273","Emissions (CO2)","6994","On-farm energy use","2001","2001","3050","FAO TIER 1","kilotonnes","272.2555","Fc","Calculated data",""
"GT","Emissions Totals","149","Nepal","7225","Emissions (CH4)","6994","On-farm energy use","2005","2005","3050","FAO TIER 1","kilotonnes","0.188","Fc","Calculated data",""
"GT","Emissions Totals","149","Nepal","7273","Emissions (CO2)","6994","On-farm energy use","2005","2005","3050","FAO TIER 1","kilotonnes","277.9064","Fc","Calculated data",""
"GT","Emissions Totals","149","Nepal","7225","Emissions (CH4)","6994","On-farm energy use","2011","2011","3050","FAO TIER 1","kilotonnes","0.1728","Fc","Calculated data",""
"GT","Emissions Totals","149","Nepal","7273","Emissions (CO2)","6994","On-farm energy use","2011","2011","3050","FAO TIER 1","kilotonnes","449.7361","Fc","Calculated data",""
"GT","Emissions Totals","149","Nepal","7225","Emissions (CH4)","6994","On-farm energy use","2015","2015","3050","FAO TIER 1","kilotonnes","0.2447","Fc","Calculated data",""
"GT","Emissions Totals","149","Nepal","7273","Emissions (CO2)","6994","On-farm energy use","2015","2015","3050","FAO TIER 1","kilotonnes","483.6548","Fc","Calculated data",""
"GT","Emissions Totals","149","Nepal","7225","Emissions (CH4)","6994","On-farm energy use","2019","2019","3050","FAO TIER 1","kilotonnes","0.2302","Fc","Calculated data",""
"GT","Emissions Totals","149","Nepal","7273","Emissions (CO2)","6994","On-farm energy use","2019","2019","3050","FAO TIER 1","kilotonnes","987.8434","Fc","Calculated data",""
"GT","Emissions Totals","165","Pakistan","7225","Emissions (CH4)","5059","Manure Management","1961","1961","3050","FAO TIER 1","kilotonnes","73.4304","Fc","Calculated data",""
"GT","Emissions Totals","165","Pakistan","7225","Emissions (CH4)","5059","Manure Management","1965","1965","3050","FAO TIER 1","kilotonnes","79.5417","Fc","Calculated data",""
"GT","Emissions Totals","165","Pakistan","7225","Emissions (CH4)","5059","Manure Management","1971","1971","3050","FAO TIER 1","kilotonnes","92.4775","Fc","Calculated data",""
"GT","Emissions Totals","165","Pakistan","7225","Emissions (CH4)","5059","Manure Management","1975","1975","3050","FAO TIER 1","kilotonnes","99.5359","Fc","Calculated data",""
"GT","Emissions Totals","165","Pakistan","7225","Emissions (CH4)","5059","Manure Management","1981","1981","3050","FAO TIER 1","kilotonnes","112.2531","Fc","Calculated data",""
"GT","Emissions Totals","165","Pakistan","7225","Emissions (CH4)","5059","Manure Management","1985","1985","3050","FAO TIER 1","kilotonnes","121.8416","Fc","Calculated data",""
"GT","Emissions Totals","165","Pakistan","7225","Emissions (CH4)","5059","Manure Management","1991","1991","3050","FAO TIER 1","kilotonnes","154.8222","Fc","Calculated data",""
"GT","Emissions Totals","165","Pakistan","7225","Emissions (CH4)","5059","Manure Management","1995","1995","3050","FAO TIER 1","kilotonnes","168.7458","Fc","Calculated data",""
"GT","Emissions Totals","165","Pakistan","7225","Emissions (CH4)","5059","Manure Management","2001","2001","3050","FAO TIER 1","kilotonnes","203.191","Fc","Calculated data",""
"GT","Emissions Totals","165","Pakistan","7225","Emissions (CH4)","5059","Manure Management","2005","2005","3050","FAO TIER 1","kilotonnes","225.6009","Fc","Calculated data",""
"GT","Emissions Totals","165","Pakistan","7225","Emissions (CH4)","5059","Manure Management","2011","2011","3050","FAO TIER 1","kilotonnes","289.7876","Fc","Calculated data",""
"GT","Emissions Totals","165","Pakistan","7225","Emissions (CH4)","5059","Manure Management","2015","2015","3050","FAO TIER 1","kilotonnes","329.6797","Fc","Calculated data",""
"GT","Emissions Totals","165","Pakistan","7225","Emissions (CH4)","5059","Manure Management","2019","2019","3050","FAO TIER 1","kilotonnes","389.7994","Fc","Calculated data",""
"GT","Emissions Totals","165","Pakistan","7234","Direct emissions (N2O)","5062","Manure applied to Soils","1961","1961","3050","FAO TIER 1","kilotonnes","2.2766","Fc","Calculated data",""
"GT","Emissions Totals","165","Pakistan","7234","Direct emissions (N2O)","5062","Manure applied to Soils","1965","1965","3050","FAO TIER 1","kilotonnes","2.5077","Fc","Calculated data",""
"GT","Emissions Totals","165","Pakistan","7234","Direct emissions (N2O)","5062","Manure applied to Soils","1971","1971","3050","FAO TIER 1","kilotonnes","2.9101","Fc","Calculated data",""
"GT","Emissions Totals","165","Pakistan","7234","Direct emissions (N2O)","5062","Manure applied to Soils","1975","1975","3050","FAO TIER 1","kilotonnes","3.2896","Fc","Calculated data",""
"GT","Emissions Totals","165","Pakistan","7234","Direct emissions (N2O)","5062","Manure applied to Soils","1981","1981","3050","FAO TIER 1","kilotonnes","3.8709","Fc","Calculated data",""
"GT","Emissions Totals","165","Pakistan","7234","Direct emissions (N2O)","5062","Manure applied to Soils","1985","1985","3050","FAO TIER 1","kilotonnes","4.2915","Fc","Calculated data",""
"GT","Emissions Totals","165","Pakistan","7234","Direct emissions (N2O)","5062","Manure applied to Soils","1991","1991","3050","FAO TIER 1","kilotonnes","5.2646","Fc","Calculated data",""
"GT","Emissions Totals","165","Pakistan","7234","Direct emissions (N2O)","5062","Manure applied to Soils","1995","1995","3050","FAO TIER 1","kilotonnes","5.9874","Fc","Calculated data",""
"GT","Emissions Totals","165","Pakistan","7234","Direct emissions (N2O)","5062","Manure applied to Soils","2001","2001","3050","FAO TIER 1","kilotonnes","6.7909","Fc","Calculated data",""
"GT","Emissions Totals","165","Pakistan","7234","Direct emissions (N2O)","5062","Manure applied to Soils","2005","2005","3050","FAO TIER 1","kilotonnes","7.5569","Fc","Calculated data",""
"GT","Emissions Totals","165","Pakistan","7234","Direct emissions (N2O)","5062","Manure applied to Soils","2011","2011","3050","FAO TIER 1","kilotonnes","9.7981","Fc","Calculated data",""
"GT","Emissions Totals","165","Pakistan","7234","Direct emissions (N2O)","5062","Manure applied to Soils","2015","2015","3050","FAO TIER 1","kilotonnes","11.1355","Fc","Calculated data",""
"GT","Emissions Totals","165","Pakistan","7234","Direct emissions (N2O)","5062","Manure applied to Soils","2019","2019","3050","FAO TIER 1","kilotonnes","15.0337","Fc","Calculated data",""
"GT","Emissions Totals","165","Pakistan","7234","Direct emissions (N2O)","5064","Crop Residues","1961","1961","3050","FAO TIER 1","kilotonnes","1.8897","Fc","Calculated data",""
"GT","Emissions Totals","165","Pakistan","7234","Direct emissions (N2O)","5064","Crop Residues","1965","1965","3050","FAO TIER 1","kilotonnes","2.1904","Fc","Calculated data",""
"GT","Emissions Totals","165","Pakistan","7234","Direct emissions (N2O)","5064","Crop Residues","1971","1971","3050","FAO TIER 1","kilotonnes","2.7776","Fc","Calculated data",""
"GT","Emissions Totals","165","Pakistan","7234","Direct emissions (N2O)","5064","Crop Residues","1975","1975","3050","FAO TIER 1","kilotonnes","3.1372","Fc","Calculated data",""
"GT","Emissions Totals","165","Pakistan","7234","Direct emissions (N2O)","5064","Crop Residues","1981","1981","3050","FAO TIER 1","kilotonnes","4.1518","Fc","Calculated data",""
"GT","Emissions Totals","165","Pakistan","7234","Direct emissions (N2O)","5064","Crop Residues","1985","1985","3050","FAO TIER 1","kilotonnes","4.0954","Fc","Calculated data",""
"GT","Emissions Totals","165","Pakistan","7234","Direct emissions (N2O)","5064","Crop Residues","1991","1991","3050","FAO TIER 1","kilotonnes","4.8029","Fc","Calculated data",""
"GT","Emissions Totals","165","Pakistan","7234","Direct emissions (N2O)","5064","Crop Residues","1995","1995","3050","FAO TIER 1","kilotonnes","5.4946","Fc","Calculated data",""
"GT","Emissions Totals","165","Pakistan","7234","Direct emissions (N2O)","5064","Crop Residues","2001","2001","3050","FAO TIER 1","kilotonnes","5.8623","Fc","Calculated data",""
"GT","Emissions Totals","165","Pakistan","7234","Direct emissions (N2O)","5064","Crop Residues","2005","2005","3050","FAO TIER 1","kilotonnes","6.958","Fc","Calculated data",""
"GT","Emissions Totals","165","Pakistan","7234","Direct emissions (N2O)","5064","Crop Residues","2011","2011","3050","FAO TIER 1","kilotonnes","7.9277","Fc","Calculated data",""
"GT","Emissions Totals","165","Pakistan","7234","Direct emissions (N2O)","5064","Crop Residues","2015","2015","3050","FAO TIER 1","kilotonnes","8.2282","Fc","Calculated data",""
"GT","Emissions Totals","165","Pakistan","7234","Direct emissions (N2O)","5064","Crop Residues","2019","2019","3050","FAO TIER 1","kilotonnes","8.5299","Fc","Calculated data",""
"GT","Emissions Totals","165","Pakistan","7225","Emissions (CH4)","6994","On-farm energy use","1991","1991","3050","FAO TIER 1","kilotonnes","2.4993","Fc","Calculated data",""
"GT","Emissions Totals","165","Pakistan","7273","Emissions (CO2)","6994","On-farm energy use","1991","1991","3050","FAO TIER 1","kilotonnes","2248.5053","Fc","Calculated data",""
"GT","Emissions Totals","165","Pakistan","7225","Emissions (CH4)","6994","On-farm energy use","1995","1995","3050","FAO TIER 1","kilotonnes","2.3033","Fc","Calculated data",""
"GT","Emissions Totals","165","Pakistan","7273","Emissions (CO2)","6994","On-farm energy use","1995","1995","3050","FAO TIER 1","kilotonnes","2006.2744","Fc","Calculated data",""
"GT","Emissions Totals","165","Pakistan","7225","Emissions (CH4)","6994","On-farm energy use","2001","2001","3050","FAO TIER 1","kilotonnes","1.4368","Fc","Calculated data",""
"GT","Emissions Totals","165","Pakistan","7273","Emissions (CO2)","6994","On-farm energy use","2001","2001","3050","FAO TIER 1","kilotonnes","1677.1644","Fc","Calculated data",""
"GT","Emissions Totals","165","Pakistan","7225","Emissions (CH4)","6994","On-farm energy use","2005","2005","3050","FAO TIER 1","kilotonnes","3.0596","Fc","Calculated data",""
"GT","Emissions Totals","165","Pakistan","7273","Emissions (CO2)","6994","On-farm energy use","2005","2005","3050","FAO TIER 1","kilotonnes","1863.8994","Fc","Calculated data",""
"GT","Emissions Totals","165","Pakistan","7225","Emissions (CH4)","6994","On-farm energy use","2011","2011","3050","FAO TIER 1","kilotonnes","2.2688","Fc","Calculated data",""
"GT","Emissions Totals","165","Pakistan","7273","Emissions (CO2)","6994","On-farm energy use","2011","2011","3050","FAO TIER 1","kilotonnes","1287.4423","Fc","Calculated data",""
"GT","Emissions Totals","165","Pakistan","7225","Emissions (CH4)","6994","On-farm energy use","2015","2015","3050","FAO TIER 1","kilotonnes","1.1019","Fc","Calculated data",""
"GT","Emissions Totals","165","Pakistan","7273","Emissions (CO2)","6994","On-farm energy use","2015","2015","3050","FAO TIER 1","kilotonnes","943.235","Fc","Calculated data",""
"GT","Emissions Totals","165","Pakistan","7225","Emissions (CH4)","6994","On-farm energy use","2019","2019","3050","FAO TIER 1","kilotonnes","0.9724","Fc","Calculated data",""
"GT","Emissions Totals","165","Pakistan","7273","Emissions (CO2)","6994","On-farm energy use","2019","2019","3050","FAO TIER 1","kilotonnes","983.2021","Fc","Calculated data",""
"GT","Emissions Totals","38","Sri Lanka","7225","Emissions (CH4)","5059","Manure Management","1961","1961","3050","FAO TIER 1","kilotonnes","8.4568","Fc","Calculated data",""
"GT","Emissions Totals","38","Sri Lanka","7225","Emissions (CH4)","5059","Manure Management","1965","1965","3050","FAO TIER 1","kilotonnes","11.3623","Fc","Calculated data",""
"GT","Emissions Totals","38","Sri Lanka","7225","Emissions (CH4)","5059","Manure Management","1971","1971","3050","FAO TIER 1","kilotonnes","8.724","Fc","Calculated data",""
"GT","Emissions Totals","38","Sri Lanka","7225","Emissions (CH4)","5059","Manure Management","1975","1975","3050","FAO TIER 1","kilotonnes","9.0116","Fc","Calculated data",""
"GT","Emissions Totals","38","Sri Lanka","7225","Emissions (CH4)","5059","Manure Management","1981","1981","3050","FAO TIER 1","kilotonnes","9.7703","Fc","Calculated data",""
"GT","Emissions Totals","38","Sri Lanka","7225","Emissions (CH4)","5059","Manure Management","1985","1985","3050","FAO TIER 1","kilotonnes","10.2366","Fc","Calculated data",""
"GT","Emissions Totals","38","Sri Lanka","7225","Emissions (CH4)","5059","Manure Management","1991","1991","3050","FAO TIER 1","kilotonnes","9.0803","Fc","Calculated data",""
"GT","Emissions Totals","38","Sri Lanka","7225","Emissions (CH4)","5059","Manure Management","1995","1995","3050","FAO TIER 1","kilotonnes","9.4243","Fc","Calculated data",""
"GT","Emissions Totals","38","Sri Lanka","7225","Emissions (CH4)","5059","Manure Management","2001","2001","3050","FAO TIER 1","kilotonnes","5.3096","Fc","Calculated data",""
"GT","Emissions Totals","38","Sri Lanka","7225","Emissions (CH4)","5059","Manure Management","2005","2005","3050","FAO TIER 1","kilotonnes","5.588","Fc","Calculated data",""
"GT","Emissions Totals","38","Sri Lanka","7225","Emissions (CH4)","5059","Manure Management","2011","2011","3050","FAO TIER 1","kilotonnes","6.2277","Fc","Calculated data",""
"GT","Emissions Totals","38","Sri Lanka","7225","Emissions (CH4)","5059","Manure Management","2015","2015","3050","FAO TIER 1","kilotonnes","5.7605","Fc","Calculated data",""
"GT","Emissions Totals","38","Sri Lanka","7225","Emissions (CH4)","5059","Manure Management","2019","2019","3050","FAO TIER 1","kilotonnes","5.9221","Fc","Calculated data",""
"GT","Emissions Totals","38","Sri Lanka","7234","Direct emissions (N2O)","5062","Manure applied to Soils","1961","1961","3050","FAO TIER 1","kilotonnes","0.2247","Fc","Calculated data",""
"GT","Emissions Totals","38","Sri Lanka","7234","Direct emissions (N2O)","5062","Manure applied to Soils","1965","1965","3050","FAO TIER 1","kilotonnes","0.2991","Fc","Calculated data",""
"GT","Emissions Totals","38","Sri Lanka","7234","Direct emissions (N2O)","5062","Manure applied to Soils","1971","1971","3050","FAO TIER 1","kilotonnes","0.2393","Fc","Calculated data",""
"GT","Emissions Totals","38","Sri Lanka","7234","Direct emissions (N2O)","5062","Manure applied to Soils","1975","1975","3050","FAO TIER 1","kilotonnes","0.2466","Fc","Calculated data",""
"GT","Emissions Totals","38","Sri Lanka","7234","Direct emissions (N2O)","5062","Manure applied to Soils","1981","1981","3050","FAO TIER 1","kilotonnes","0.2627","Fc","Calculated data",""
"GT","Emissions Totals","38","Sri Lanka","7234","Direct emissions (N2O)","5062","Manure applied to Soils","1985","1985","3050","FAO TIER 1","kilotonnes","0.2787","Fc","Calculated data",""
"GT","Emissions Totals","38","Sri Lanka","7234","Direct emissions (N2O)","5062","Manure applied to Soils","1991","1991","3050","FAO TIER 1","kilotonnes","0.2502","Fc","Calculated data",""
"GT","Emissions Totals","38","Sri Lanka","7234","Direct emissions (N2O)","5062","Manure applied to Soils","1995","1995","3050","FAO TIER 1","kilotonnes","0.2621","Fc","Calculated data",""
"GT","Emissions Totals","38","Sri Lanka","7234","Direct emissions (N2O)","5062","Manure applied to Soils","2001","2001","3050","FAO TIER 1","kilotonnes","0.1626","Fc","Calculated data",""
"GT","Emissions Totals","38","Sri Lanka","7234","Direct emissions (N2O)","5062","Manure applied to Soils","2005","2005","3050","FAO TIER 1","kilotonnes","0.173","Fc","Calculated data",""
"GT","Emissions Totals","38","Sri Lanka","7234","Direct emissions (N2O)","5062","Manure applied to Soils","2011","2011","3050","FAO TIER 1","kilotonnes","0.1976","Fc","Calculated data",""
"GT","Emissions Totals","38","Sri Lanka","7234","Direct emissions (N2O)","5062","Manure applied to Soils","2015","2015","3050","FAO TIER 1","kilotonnes","0.1903","Fc","Calculated data",""
"GT","Emissions Totals","38","Sri Lanka","7234","Direct emissions (N2O)","5062","Manure applied to Soils","2019","2019","3050","FAO TIER 1","kilotonnes","0.202","Fc","Calculated data",""
"GT","Emissions Totals","38","Sri Lanka","7234","Direct emissions (N2O)","5064","Crop Residues","1961","1961","3050","FAO TIER 1","kilotonnes","0.2683","Fc","Calculated data",""
"GT","Emissions Totals","38","Sri Lanka","7234","Direct emissions (N2O)","5064","Crop Residues","1965","1965","3050","FAO TIER 1","kilotonnes","0.2306","Fc","Calculated data",""
"GT","Emissions Totals","38","Sri Lanka","7234","Direct emissions (N2O)","5064","Crop Residues","1971","1971","3050","FAO TIER 1","kilotonnes","0.3857","Fc","Calculated data",""
"GT","Emissions Totals","38","Sri Lanka","7234","Direct emissions (N2O)","5064","Crop Residues","1975","1975","3050","FAO TIER 1","kilotonnes","0.3358","Fc","Calculated data",""
"GT","Emissions Totals","38","Sri Lanka","7234","Direct emissions (N2O)","5064","Crop Residues","1981","1981","3050","FAO TIER 1","kilotonnes","0.5402","Fc","Calculated data",""
"GT","Emissions Totals","38","Sri Lanka","7234","Direct emissions (N2O)","5064","Crop Residues","1985","1985","3050","FAO TIER 1","kilotonnes","0.6018","Fc","Calculated data",""
"GT","Emissions Totals","38","Sri Lanka","7234","Direct emissions (N2O)","5064","Crop Residues","1991","1991","3050","FAO TIER 1","kilotonnes","0.5471","Fc","Calculated data",""
"GT","Emissions Totals","38","Sri Lanka","7234","Direct emissions (N2O)","5064","Crop Residues","1995","1995","3050","FAO TIER 1","kilotonnes","0.6245","Fc","Calculated data",""
"GT","Emissions Totals","38","Sri Lanka","7234","Direct emissions (N2O)","5064","Crop Residues","2001","2001","3050","FAO TIER 1","kilotonnes","0.5682","Fc","Calculated data",""
"GT","Emissions Totals","38","Sri Lanka","7234","Direct emissions (N2O)","5064","Crop Residues","2005","2005","3050","FAO TIER 1","kilotonnes","0.6841","Fc","Calculated data",""
"GT","Emissions Totals","38","Sri Lanka","7234","Direct emissions (N2O)","5064","Crop Residues","2011","2011","3050","FAO TIER 1","kilotonnes","0.8269","Fc","Calculated data",""
"GT","Emissions Totals","38","Sri Lanka","7234","Direct emissions (N2O)","5064","Crop Residues","2015","2015","3050","FAO TIER 1","kilotonnes","0.9971","Fc","Calculated data",""
"GT","Emissions Totals","38","Sri Lanka","7234","Direct emissions (N2O)","5064","Crop Residues","2019","2019","3050","FAO TIER 1","kilotonnes","0.8843","Fc","Calculated data",""
"GT","Emissions Totals","38","Sri Lanka","7225","Emissions (CH4)","6994","On-farm energy use","1991","1991","3050","FAO TIER 1","kilotonnes","0.0061","Fc","Calculated data",""
"GT","Emissions Totals","38","Sri Lanka","7273","Emissions (CO2)","6994","On-farm energy use","1991","1991","3050","FAO TIER 1","kilotonnes","46.3647","Fc","Calculated data",""
"GT","Emissions Totals","38","Sri Lanka","7225","Emissions (CH4)","6994","On-farm energy use","1995","1995","3050","FAO TIER 1","kilotonnes","0.0088","Fc","Calculated data",""
"GT","Emissions Totals","38","Sri Lanka","7273","Emissions (CO2)","6994","On-farm energy use","1995","1995","3050","FAO TIER 1","kilotonnes","65.9674","Fc","Calculated data",""
"GT","Emissions Totals","38","Sri Lanka","7225","Emissions (CH4)","6994","On-farm energy use","2001","2001","3050","FAO TIER 1","kilotonnes","0.009","Fc","Calculated data",""
"GT","Emissions Totals","38","Sri Lanka","7273","Emissions (CO2)","6994","On-farm energy use","2001","2001","3050","FAO TIER 1","kilotonnes","89.0464","Fc","Calculated data",""
"GT","Emissions Totals","38","Sri Lanka","7225","Emissions (CH4)","6994","On-farm energy use","2005","2005","3050","FAO TIER 1","kilotonnes","0.0498","Fc","Calculated data",""
"GT","Emissions Totals","38","Sri Lanka","7273","Emissions (CO2)","6994","On-farm energy use","2005","2005","3050","FAO TIER 1","kilotonnes","110.9655","Fc","Calculated data",""
"GT","Emissions Totals","38","Sri Lanka","7225","Emissions (CH4)","6994","On-farm energy use","2011","2011","3050","FAO TIER 1","kilotonnes","0.0336","Fc","Calculated data",""
"GT","Emissions Totals","38","Sri Lanka","7273","Emissions (CO2)","6994","On-farm energy use","2011","2011","3050","FAO TIER 1","kilotonnes","93.7828","Fc","Calculated data",""
"GT","Emissions Totals","38","Sri Lanka","7225","Emissions (CH4)","6994","On-farm energy use","2015","2015","3050","FAO TIER 1","kilotonnes","0.0142","Fc","Calculated data",""
"GT","Emissions Totals","38","Sri Lanka","7273","Emissions (CO2)","6994","On-farm energy use","2015","2015","3050","FAO TIER 1","kilotonnes","49.9136","Fc","Calculated data",""
"GT","Emissions Totals","38","Sri Lanka","7225","Emissions (CH4)","6994","On-farm energy use","2019","2019","3050","FAO TIER 1","kilotonnes","0.0032","Fc","Calculated data",""
"GT","Emissions Totals","38","Sri Lanka","7273","Emissions (CO2)","6994","On-farm energy use","2019","2019","3050","FAO TIER 1","kilotonnes","2.1628","Fc","Calculated data",""
